-- phpMyAdmin SQL Dump
-- version 4.8.5
-- https://www.phpmyadmin.net/
--
-- Hôte : 127.0.0.1:3306
-- Généré le :  sam. 07 mars 2020 à 09:20
-- Version du serveur :  5.7.26
-- Version de PHP :  7.2.18

SET SQL_MODE = "NO_AUTO_VALUE_ON_ZERO";
SET AUTOCOMMIT = 0;
START TRANSACTION;
SET time_zone = "+00:00";


/*!40101 SET @OLD_CHARACTER_SET_CLIENT=@@CHARACTER_SET_CLIENT */;
/*!40101 SET @OLD_CHARACTER_SET_RESULTS=@@CHARACTER_SET_RESULTS */;
/*!40101 SET @OLD_COLLATION_CONNECTION=@@COLLATION_CONNECTION */;
/*!40101 SET NAMES utf8mb4 */;

--
-- Base de données :  `spectacle`
--

-- --------------------------------------------------------

--
-- Structure de la table `artistes`
--

DROP TABLE IF EXISTS `artistes`;
CREATE TABLE IF NOT EXISTS `artistes` (
  `ArtID` int(8) NOT NULL AUTO_INCREMENT,
  `ArtNom` varchar(20) DEFAULT NULL,
  PRIMARY KEY (`ArtID`)
) ENGINE=InnoDB AUTO_INCREMENT=5 DEFAULT CHARSET=latin1;

--
-- Déchargement des données de la table `artistes`
--

INSERT INTO `artistes` (`ArtID`, `ArtNom`) VALUES
(1, 'Gad Elmaleh'),
(2, 'Patrick Bruel'),
(3, 'Cédric Gervy'),
(4, 'Théo Francken');

-- --------------------------------------------------------

--
-- Structure de la table `billets`
--

DROP TABLE IF EXISTS `billets`;
CREATE TABLE IF NOT EXISTS `billets` (
  `BilID` int(8) NOT NULL AUTO_INCREMENT,
  `BilNumPlace` varchar(10) DEFAULT NULL,
  `Bilvendu` tinyint(1) DEFAULT NULL,
  `BilTypID` int(8) DEFAULT NULL,
  PRIMARY KEY (`BilID`),
  KEY `FK_typ` (`BilTypID`)
) ENGINE=InnoDB AUTO_INCREMENT=901 DEFAULT CHARSET=latin1;

--
-- Déchargement des données de la table `billets`
--

INSERT INTO `billets` (`BilID`, `BilNumPlace`, `Bilvendu`, `BilTypID`) VALUES
(1, 'A1', 1, 1),
(2, 'A2', 1, 1),
(3, 'A3', 1, 1),
(4, 'A4', 1, 1),
(5, 'A5', 1, 1),
(6, 'A6', 1, 1),
(7, 'A7', 1, 1),
(8, 'A8', 1, 1),
(9, 'A9', 0, 1),
(10, 'A10', 1, 1),
(11, 'A11', 1, 1),
(12, 'A12', 1, 1),
(13, 'A13', 1, 1),
(14, 'A14', 1, 1),
(15, 'A15', 1, 1),
(16, 'A16', 1, 1),
(17, 'A17', 0, 1),
(18, 'A18', 1, 1),
(19, 'A19', 1, 1),
(20, 'A20', 1, 1),
(21, 'A21', 1, 1),
(22, 'A22', 1, 1),
(23, 'A23', 1, 1),
(24, 'A24', 1, 1),
(25, 'A25', 1, 1),
(26, 'A26', 0, 1),
(27, 'A27', 1, 1),
(28, 'A28', 1, 1),
(29, 'A29', 1, 1),
(30, 'A30', 0, 1),
(31, 'A31', 1, 1),
(32, 'A32', 1, 1),
(33, 'A33', 1, 1),
(34, 'A34', 1, 1),
(35, 'A35', 1, 1),
(36, 'A36', 1, 1),
(37, 'A37', 1, 1),
(38, 'A38', 1, 1),
(39, 'A39', 1, 1),
(40, 'A40', 1, 1),
(41, 'A41', 1, 1),
(42, 'A42', 1, 1),
(43, 'A43', 1, 1),
(44, 'A44', 1, 1),
(45, 'A45', 1, 1),
(46, 'A46', 1, 1),
(47, 'A47', 1, 1),
(48, 'A48', 1, 1),
(49, 'A49', 1, 1),
(50, 'A50', 1, 1),
(51, 'A51', 1, 1),
(52, 'A52', 1, 1),
(53, 'A53', 1, 1),
(54, 'A54', 1, 1),
(55, 'A55', 1, 1),
(56, 'A56', 1, 1),
(57, 'A57', 1, 1),
(58, 'A58', 1, 1),
(59, 'A59', 1, 1),
(60, 'A60', 1, 1),
(61, 'A61', 1, 1),
(62, 'A62', 1, 1),
(63, 'A63', 1, 1),
(64, 'A64', 1, 1),
(65, 'A65', 1, 1),
(66, 'A66', 1, 1),
(67, 'A67', 1, 1),
(68, 'A68', 1, 1),
(69, 'A69', 1, 1),
(70, 'A70', 1, 1),
(71, 'A71', 1, 1),
(72, 'A72', 1, 1),
(73, 'A73', 1, 1),
(74, 'A74', 1, 1),
(75, 'A75', 1, 1),
(76, 'A76', 1, 1),
(77, 'A77', 1, 1),
(78, 'A78', 1, 1),
(79, 'A79', 1, 1),
(80, 'A80', 1, 1),
(81, 'A81', 1, 1),
(82, 'A82', 1, 1),
(83, 'A83', 1, 1),
(84, 'A84', 1, 1),
(85, 'A85', 1, 1),
(86, 'A86', 1, 1),
(87, 'A87', 1, 1),
(88, 'A88', 0, 1),
(89, 'A89', 1, 1),
(90, 'A90', 1, 1),
(91, 'A91', 1, 1),
(92, 'A92', 1, 1),
(93, 'A93', 1, 1),
(94, 'A94', 1, 1),
(95, 'A95', 1, 1),
(96, 'A96', 1, 1),
(97, 'A97', 1, 1),
(98, 'A98', 1, 1),
(99, 'A99', 1, 1),
(100, 'A100', 1, 1),
(101, 'B1', 1, 2),
(102, 'B2', 1, 2),
(103, 'B3', 1, 2),
(104, 'B4', 1, 2),
(105, 'B5', 1, 2),
(106, 'B6', 1, 2),
(107, 'B7', 1, 2),
(108, 'B8', 1, 2),
(109, 'B9', 1, 2),
(110, 'B10', 1, 2),
(111, 'B11', 1, 2),
(112, 'B12', 1, 2),
(113, 'B13', 1, 2),
(114, 'B14', 1, 2),
(115, 'B15', 1, 2),
(116, 'B16', 1, 2),
(117, 'B17', 1, 2),
(118, 'B18', 1, 2),
(119, 'B19', 1, 2),
(120, 'B20', 1, 2),
(121, 'B21', 1, 2),
(122, 'B22', 1, 2),
(123, 'B23', 1, 2),
(124, 'B24', 1, 2),
(125, 'B25', 1, 2),
(126, 'B26', 1, 2),
(127, 'B27', 1, 2),
(128, 'B28', 1, 2),
(129, 'B29', 1, 2),
(130, 'B30', 1, 2),
(131, 'B31', 1, 2),
(132, 'B32', 1, 2),
(133, 'B33', 1, 2),
(134, 'B34', 1, 2),
(135, 'B35', 1, 2),
(136, 'B36', 1, 2),
(137, 'B37', 1, 2),
(138, 'B38', 1, 2),
(139, 'B39', 1, 2),
(140, 'B40', 1, 2),
(141, 'B41', 1, 2),
(142, 'B42', 1, 2),
(143, 'B43', 1, 2),
(144, 'B44', 1, 2),
(145, 'B45', 1, 2),
(146, 'B46', 1, 2),
(147, 'B47', 1, 2),
(148, 'B48', 0, 2),
(149, 'B49', 1, 2),
(150, 'B50', 1, 2),
(151, 'B51', 1, 2),
(152, 'B52', 1, 2),
(153, 'B53', 1, 2),
(154, 'B54', 1, 2),
(155, 'B55', 1, 2),
(156, 'B56', 1, 2),
(157, 'B57', 1, 2),
(158, 'B58', 1, 2),
(159, 'B59', 1, 2),
(160, 'B60', 1, 2),
(161, 'B61', 1, 2),
(162, 'B62', 1, 2),
(163, 'B63', 1, 2),
(164, 'B64', 1, 2),
(165, 'B65', 1, 2),
(166, 'B66', 1, 2),
(167, 'B67', 1, 2),
(168, 'B68', 1, 2),
(169, 'B69', 1, 2),
(170, 'B70', 1, 2),
(171, 'B71', 1, 2),
(172, 'B72', 1, 2),
(173, 'B73', 1, 2),
(174, 'B74', 1, 2),
(175, 'B75', 1, 2),
(176, 'B76', 1, 2),
(177, 'B77', 1, 2),
(178, 'B78', 1, 2),
(179, 'B79', 1, 2),
(180, 'B80', 1, 2),
(181, 'B81', 1, 2),
(182, 'B82', 1, 2),
(183, 'B83', 1, 2),
(184, 'B84', 1, 2),
(185, 'B85', 1, 2),
(186, 'B86', 1, 2),
(187, 'B87', 1, 2),
(188, 'B88', 1, 2),
(189, 'B89', 1, 2),
(190, 'B90', 1, 2),
(191, 'B91', 1, 2),
(192, 'B92', 1, 2),
(193, 'B93', 1, 2),
(194, 'B94', 1, 2),
(195, 'B95', 1, 2),
(196, 'B96', 1, 2),
(197, 'B97', 1, 2),
(198, 'B98', 1, 2),
(199, 'B99', 1, 2),
(200, 'B100', 1, 2),
(201, 'C1', 1, 3),
(202, 'C2', 1, 3),
(203, 'C3', 1, 3),
(204, 'C4', 1, 3),
(205, 'C5', 1, 3),
(206, 'C6', 1, 3),
(207, 'C7', 1, 3),
(208, 'C8', 1, 3),
(209, 'C9', 0, 3),
(210, 'C10', 1, 3),
(211, 'C11', 1, 3),
(212, 'C12', 1, 3),
(213, 'C13', 1, 3),
(214, 'C14', 1, 3),
(215, 'C15', 1, 3),
(216, 'C16', 1, 3),
(217, 'C17', 1, 3),
(218, 'C18', 1, 3),
(219, 'C19', 1, 3),
(220, 'C20', 1, 3),
(221, 'C21', 1, 3),
(222, 'C22', 1, 3),
(223, 'C23', 1, 3),
(224, 'C24', 1, 3),
(225, 'C25', 1, 3),
(226, 'C26', 1, 3),
(227, 'C27', 1, 3),
(228, 'C28', 1, 3),
(229, 'C29', 1, 3),
(230, 'C30', 1, 3),
(231, 'C31', 1, 3),
(232, 'C32', 1, 3),
(233, 'C33', 1, 3),
(234, 'C34', 1, 3),
(235, 'C35', 1, 3),
(236, 'C36', 1, 3),
(237, 'C37', 1, 3),
(238, 'C38', 1, 3),
(239, 'C39', 1, 3),
(240, 'C40', 1, 3),
(241, 'C41', 1, 3),
(242, 'C42', 1, 3),
(243, 'C43', 1, 3),
(244, 'C44', 1, 3),
(245, 'C45', 1, 3),
(246, 'C46', 1, 3),
(247, 'C47', 1, 3),
(248, 'C48', 1, 3),
(249, 'C49', 1, 3),
(250, 'C50', 1, 3),
(251, 'C51', 1, 3),
(252, 'C52', 1, 3),
(253, 'C53', 1, 3),
(254, 'C54', 1, 3),
(255, 'C55', 1, 3),
(256, 'C56', 1, 3),
(257, 'C57', 1, 3),
(258, 'C58', 1, 3),
(259, 'C59', 1, 3),
(260, 'C60', 1, 3),
(261, 'C61', 1, 3),
(262, 'C62', 1, 3),
(263, 'C63', 1, 3),
(264, 'C64', 0, 3),
(265, 'C65', 1, 3),
(266, 'C66', 1, 3),
(267, 'C67', 1, 3),
(268, 'C68', 1, 3),
(269, 'C69', 1, 3),
(270, 'C70', 1, 3),
(271, 'C71', 1, 3),
(272, 'C72', 1, 3),
(273, 'C73', 1, 3),
(274, 'C74', 1, 3),
(275, 'C75', 1, 3),
(276, 'C76', 1, 3),
(277, 'C77', 1, 3),
(278, 'C78', 1, 3),
(279, 'C79', 1, 3),
(280, 'C80', 1, 3),
(281, 'C81', 1, 3),
(282, 'C82', 1, 3),
(283, 'C83', 1, 3),
(284, 'C84', 1, 3),
(285, 'C85', 1, 3),
(286, 'C86', 1, 3),
(287, 'C87', 1, 3),
(288, 'C88', 1, 3),
(289, 'C89', 1, 3),
(290, 'C90', 1, 3),
(291, 'C91', 1, 3),
(292, 'C92', 1, 3),
(293, 'C93', 1, 3),
(294, 'C94', 1, 3),
(295, 'C95', 1, 3),
(296, 'C96', 1, 3),
(297, 'C97', 1, 3),
(298, 'C98', 1, 3),
(299, 'C99', 1, 3),
(300, 'C100', 1, 3),
(301, 'A1', 1, 4),
(302, 'A2', 1, 4),
(303, 'A3', 1, 4),
(304, 'A4', 1, 4),
(305, 'A5', 1, 4),
(306, 'A6', 1, 4),
(307, 'A7', 1, 4),
(308, 'A8', 1, 4),
(309, 'A9', 1, 4),
(310, 'A10', 1, 4),
(311, 'A11', 1, 4),
(312, 'A12', 1, 4),
(313, 'A13', 1, 4),
(314, 'A14', 1, 4),
(315, 'A15', 1, 4),
(316, 'A16', 1, 4),
(317, 'A17', 1, 4),
(318, 'A18', 1, 4),
(319, 'A19', 1, 4),
(320, 'A20', 1, 4),
(321, 'A21', 1, 4),
(322, 'A22', 1, 4),
(323, 'A23', 1, 4),
(324, 'A24', 1, 4),
(325, 'A25', 1, 4),
(326, 'A26', 1, 4),
(327, 'A27', 1, 4),
(328, 'A28', 1, 4),
(329, 'A29', 1, 4),
(330, 'A30', 1, 4),
(331, 'A31', 1, 4),
(332, 'A32', 1, 4),
(333, 'A33', 1, 4),
(334, 'A34', 1, 4),
(335, 'A35', 1, 4),
(336, 'A36', 1, 4),
(337, 'A37', 1, 4),
(338, 'A38', 1, 4),
(339, 'A39', 1, 4),
(340, 'A40', 1, 4),
(341, 'A41', 1, 4),
(342, 'A42', 1, 4),
(343, 'A43', 1, 4),
(344, 'A44', 1, 4),
(345, 'A45', 1, 4),
(346, 'A46', 1, 4),
(347, 'A47', 1, 4),
(348, 'A48', 1, 4),
(349, 'A49', 1, 4),
(350, 'A50', 1, 4),
(351, 'A51', 1, 4),
(352, 'A52', 1, 4),
(353, 'A53', 1, 4),
(354, 'A54', 0, 4),
(355, 'A55', 1, 4),
(356, 'A56', 0, 4),
(357, 'A57', 1, 4),
(358, 'A58', 1, 4),
(359, 'A59', 1, 4),
(360, 'A60', 1, 4),
(361, 'A61', 1, 4),
(362, 'A62', 1, 4),
(363, 'A63', 1, 4),
(364, 'A64', 1, 4),
(365, 'A65', 1, 4),
(366, 'A66', 1, 4),
(367, 'A67', 1, 4),
(368, 'A68', 1, 4),
(369, 'A69', 1, 4),
(370, 'A70', 1, 4),
(371, 'A71', 1, 4),
(372, 'A72', 1, 4),
(373, 'A73', 1, 4),
(374, 'A74', 1, 4),
(375, 'A75', 1, 4),
(376, 'A76', 1, 4),
(377, 'A77', 1, 4),
(378, 'A78', 1, 4),
(379, 'A79', 1, 4),
(380, 'A80', 1, 4),
(381, 'A81', 1, 4),
(382, 'A82', 1, 4),
(383, 'A83', 1, 4),
(384, 'A84', 1, 4),
(385, 'A85', 1, 4),
(386, 'A86', 1, 4),
(387, 'A87', 1, 4),
(388, 'A88', 1, 4),
(389, 'A89', 1, 4),
(390, 'A90', 1, 4),
(391, 'A91', 1, 4),
(392, 'A92', 1, 4),
(393, 'A93', 1, 4),
(394, 'A94', 1, 4),
(395, 'A95', 1, 4),
(396, 'A96', 1, 4),
(397, 'A97', 1, 4),
(398, 'A98', 1, 4),
(399, 'A99', 1, 4),
(400, 'A100', 1, 4),
(401, 'B1', 1, 5),
(402, 'B2', 1, 5),
(403, 'B3', 1, 5),
(404, 'B4', 1, 5),
(405, 'B5', 1, 5),
(406, 'B6', 1, 5),
(407, 'B7', 1, 5),
(408, 'B8', 1, 5),
(409, 'B9', 1, 5),
(410, 'B10', 1, 5),
(411, 'B11', 1, 5),
(412, 'B12', 1, 5),
(413, 'B13', 1, 5),
(414, 'B14', 1, 5),
(415, 'B15', 1, 5),
(416, 'B16', 1, 5),
(417, 'B17', 1, 5),
(418, 'B18', 1, 5),
(419, 'B19', 1, 5),
(420, 'B20', 1, 5),
(421, 'B21', 0, 5),
(422, 'B22', 1, 5),
(423, 'B23', 0, 5),
(424, 'B24', 1, 5),
(425, 'B25', 1, 5),
(426, 'B26', 1, 5),
(427, 'B27', 1, 5),
(428, 'B28', 1, 5),
(429, 'B29', 1, 5),
(430, 'B30', 1, 5),
(431, 'B31', 1, 5),
(432, 'B32', 1, 5),
(433, 'B33', 1, 5),
(434, 'B34', 1, 5),
(435, 'B35', 1, 5),
(436, 'B36', 1, 5),
(437, 'B37', 1, 5),
(438, 'B38', 1, 5),
(439, 'B39', 1, 5),
(440, 'B40', 1, 5),
(441, 'B41', 1, 5),
(442, 'B42', 1, 5),
(443, 'B43', 1, 5),
(444, 'B44', 1, 5),
(445, 'B45', 1, 5),
(446, 'B46', 1, 5),
(447, 'B47', 1, 5),
(448, 'B48', 1, 5),
(449, 'B49', 1, 5),
(450, 'B50', 1, 5),
(451, 'B51', 1, 5),
(452, 'B52', 1, 5),
(453, 'B53', 1, 5),
(454, 'B54', 1, 5),
(455, 'B55', 1, 5),
(456, 'B56', 1, 5),
(457, 'B57', 1, 5),
(458, 'B58', 1, 5),
(459, 'B59', 1, 5),
(460, 'B60', 1, 5),
(461, 'B61', 1, 5),
(462, 'B62', 1, 5),
(463, 'B63', 1, 5),
(464, 'B64', 1, 5),
(465, 'B65', 1, 5),
(466, 'B66', 1, 5),
(467, 'B67', 1, 5),
(468, 'B68', 1, 5),
(469, 'B69', 1, 5),
(470, 'B70', 1, 5),
(471, 'B71', 1, 5),
(472, 'B72', 1, 5),
(473, 'B73', 1, 5),
(474, 'B74', 1, 5),
(475, 'B75', 1, 5),
(476, 'B76', 1, 5),
(477, 'B77', 1, 5),
(478, 'B78', 1, 5),
(479, 'B79', 1, 5),
(480, 'B80', 1, 5),
(481, 'B81', 1, 5),
(482, 'B82', 1, 5),
(483, 'B83', 1, 5),
(484, 'B84', 1, 5),
(485, 'B85', 1, 5),
(486, 'B86', 1, 5),
(487, 'B87', 1, 5),
(488, 'B88', 1, 5),
(489, 'B89', 0, 5),
(490, 'B90', 1, 5),
(491, 'B91', 1, 5),
(492, 'B92', 1, 5),
(493, 'B93', 1, 5),
(494, 'B94', 1, 5),
(495, 'B95', 1, 5),
(496, 'B96', 1, 5),
(497, 'B97', 1, 5),
(498, 'B98', 1, 5),
(499, 'B99', 1, 5),
(500, 'B100', 1, 5),
(501, 'C1', 1, 6),
(502, 'C2', 1, 6),
(503, 'C3', 1, 6),
(504, 'C4', 1, 6),
(505, 'C5', 1, 6),
(506, 'C6', 1, 6),
(507, 'C7', 1, 6),
(508, 'C8', 1, 6),
(509, 'C9', 1, 6),
(510, 'C10', 1, 6),
(511, 'C11', 1, 6),
(512, 'C12', 1, 6),
(513, 'C13', 1, 6),
(514, 'C14', 1, 6),
(515, 'C15', 1, 6),
(516, 'C16', 1, 6),
(517, 'C17', 1, 6),
(518, 'C18', 1, 6),
(519, 'C19', 1, 6),
(520, 'C20', 1, 6),
(521, 'C21', 1, 6),
(522, 'C22', 1, 6),
(523, 'C23', 1, 6),
(524, 'C24', 1, 6),
(525, 'C25', 1, 6),
(526, 'C26', 1, 6),
(527, 'C27', 1, 6),
(528, 'C28', 1, 6),
(529, 'C29', 1, 6),
(530, 'C30', 1, 6),
(531, 'C31', 1, 6),
(532, 'C32', 1, 6),
(533, 'C33', 1, 6),
(534, 'C34', 1, 6),
(535, 'C35', 1, 6),
(536, 'C36', 1, 6),
(537, 'C37', 1, 6),
(538, 'C38', 1, 6),
(539, 'C39', 1, 6),
(540, 'C40', 1, 6),
(541, 'C41', 1, 6),
(542, 'C42', 1, 6),
(543, 'C43', 1, 6),
(544, 'C44', 0, 6),
(545, 'C45', 1, 6),
(546, 'C46', 1, 6),
(547, 'C47', 1, 6),
(548, 'C48', 1, 6),
(549, 'C49', 1, 6),
(550, 'C50', 1, 6),
(551, 'C51', 1, 6),
(552, 'C52', 1, 6),
(553, 'C53', 1, 6),
(554, 'C54', 1, 6),
(555, 'C55', 1, 6),
(556, 'C56', 1, 6),
(557, 'C57', 1, 6),
(558, 'C58', 1, 6),
(559, 'C59', 1, 6),
(560, 'C60', 1, 6),
(561, 'C61', 1, 6),
(562, 'C62', 1, 6),
(563, 'C63', 1, 6),
(564, 'C64', 1, 6),
(565, 'C65', 1, 6),
(566, 'C66', 1, 6),
(567, 'C67', 1, 6),
(568, 'C68', 1, 6),
(569, 'C69', 1, 6),
(570, 'C70', 1, 6),
(571, 'C71', 1, 6),
(572, 'C72', 1, 6),
(573, 'C73', 1, 6),
(574, 'C74', 1, 6),
(575, 'C75', 1, 6),
(576, 'C76', 1, 6),
(577, 'C77', 1, 6),
(578, 'C78', 1, 6),
(579, 'C79', 1, 6),
(580, 'C80', 1, 6),
(581, 'C81', 1, 6),
(582, 'C82', 1, 6),
(583, 'C83', 1, 6),
(584, 'C84', 1, 6),
(585, 'C85', 1, 6),
(586, 'C86', 1, 6),
(587, 'C87', 1, 6),
(588, 'C88', 1, 6),
(589, 'C89', 1, 6),
(590, 'C90', 1, 6),
(591, 'C91', 1, 6),
(592, 'C92', 1, 6),
(593, 'C93', 1, 6),
(594, 'C94', 1, 6),
(595, 'C95', 1, 6),
(596, 'C96', 1, 6),
(597, 'C97', 1, 6),
(598, 'C98', 1, 6),
(599, 'C99', 1, 6),
(600, 'C100', 0, 6),
(601, 'A1', 1, 7),
(602, 'A2', 0, 7),
(603, 'A3', 0, 7),
(604, 'A4', 1, 7),
(605, 'A5', 1, 7),
(606, 'A6', 1, 7),
(607, 'A7', 1, 7),
(608, 'A8', 1, 7),
(609, 'A9', 1, 7),
(610, 'A10', 1, 7),
(611, 'A11', 1, 7),
(612, 'A12', 1, 7),
(613, 'A13', 1, 7),
(614, 'A14', 1, 7),
(615, 'A15', 1, 7),
(616, 'A16', 1, 7),
(617, 'A17', 1, 7),
(618, 'A18', 1, 7),
(619, 'A19', 1, 7),
(620, 'A20', 1, 7),
(621, 'A21', 1, 7),
(622, 'A22', 1, 7),
(623, 'A23', 1, 7),
(624, 'A24', 1, 7),
(625, 'A25', 1, 7),
(626, 'A26', 1, 7),
(627, 'A27', 1, 7),
(628, 'A28', 1, 7),
(629, 'A29', 1, 7),
(630, 'A30', 1, 7),
(631, 'A31', 1, 7),
(632, 'A32', 1, 7),
(633, 'A33', 1, 7),
(634, 'A34', 1, 7),
(635, 'A35', 1, 7),
(636, 'A36', 1, 7),
(637, 'A37', 1, 7),
(638, 'A38', 1, 7),
(639, 'A39', 1, 7),
(640, 'A40', 1, 7),
(641, 'A41', 1, 7),
(642, 'A42', 1, 7),
(643, 'A43', 1, 7),
(644, 'A44', 1, 7),
(645, 'A45', 1, 7),
(646, 'A46', 1, 7),
(647, 'A47', 1, 7),
(648, 'A48', 1, 7),
(649, 'A49', 1, 7),
(650, 'A50', 1, 7),
(651, 'A51', 1, 7),
(652, 'A52', 1, 7),
(653, 'A53', 1, 7),
(654, 'A54', 1, 7),
(655, 'A55', 1, 7),
(656, 'A56', 1, 7),
(657, 'A57', 1, 7),
(658, 'A58', 1, 7),
(659, 'A59', 1, 7),
(660, 'A60', 0, 7),
(661, 'A61', 1, 7),
(662, 'A62', 0, 7),
(663, 'A63', 0, 7),
(664, 'A64', 1, 7),
(665, 'A65', 1, 7),
(666, 'A66', 1, 7),
(667, 'A67', 1, 7),
(668, 'A68', 1, 7),
(669, 'A69', 1, 7),
(670, 'A70', 1, 7),
(671, 'A71', 1, 7),
(672, 'A72', 1, 7),
(673, 'A73', 1, 7),
(674, 'A74', 1, 7),
(675, 'A75', 1, 7),
(676, 'A76', 1, 7),
(677, 'A77', 1, 7),
(678, 'A78', 1, 7),
(679, 'A79', 1, 7),
(680, 'A80', 1, 7),
(681, 'A81', 1, 7),
(682, 'A82', 1, 7),
(683, 'A83', 1, 7),
(684, 'A84', 1, 7),
(685, 'A85', 1, 7),
(686, 'A86', 1, 7),
(687, 'A87', 1, 7),
(688, 'A88', 1, 7),
(689, 'A89', 1, 7),
(690, 'A90', 1, 7),
(691, 'A91', 1, 7),
(692, 'A92', 1, 7),
(693, 'A93', 1, 7),
(694, 'A94', 1, 7),
(695, 'A95', 1, 7),
(696, 'A96', 1, 7),
(697, 'A97', 1, 7),
(698, 'A98', 1, 7),
(699, 'A99', 1, 7),
(700, 'A100', 1, 7),
(701, 'B1', 1, 8),
(702, 'B2', 1, 8),
(703, 'B3', 1, 8),
(704, 'B4', 1, 8),
(705, 'B5', 1, 8),
(706, 'B6', 1, 8),
(707, 'B7', 1, 8),
(708, 'B8', 1, 8),
(709, 'B9', 1, 8),
(710, 'B10', 1, 8),
(711, 'B11', 1, 8),
(712, 'B12', 1, 8),
(713, 'B13', 1, 8),
(714, 'B14', 1, 8),
(715, 'B15', 1, 8),
(716, 'B16', 1, 8),
(717, 'B17', 1, 8),
(718, 'B18', 1, 8),
(719, 'B19', 1, 8),
(720, 'B20', 1, 8),
(721, 'B21', 1, 8),
(722, 'B22', 1, 8),
(723, 'B23', 1, 8),
(724, 'B24', 1, 8),
(725, 'B25', 1, 8),
(726, 'B26', 1, 8),
(727, 'B27', 0, 8),
(728, 'B28', 1, 8),
(729, 'B29', 0, 8),
(730, 'B30', 1, 8),
(731, 'B31', 1, 8),
(732, 'B32', 1, 8),
(733, 'B33', 1, 8),
(734, 'B34', 1, 8),
(735, 'B35', 1, 8),
(736, 'B36', 1, 8),
(737, 'B37', 1, 8),
(738, 'B38', 1, 8),
(739, 'B39', 1, 8),
(740, 'B40', 1, 8),
(741, 'B41', 1, 8),
(742, 'B42', 1, 8),
(743, 'B43', 1, 8),
(744, 'B44', 1, 8),
(745, 'B45', 1, 8),
(746, 'B46', 1, 8),
(747, 'B47', 1, 8),
(748, 'B48', 1, 8),
(749, 'B49', 1, 8),
(750, 'B50', 1, 8),
(751, 'B51', 1, 8),
(752, 'B52', 1, 8),
(753, 'B53', 1, 8),
(754, 'B54', 1, 8),
(755, 'B55', 1, 8),
(756, 'B56', 1, 8),
(757, 'B57', 1, 8),
(758, 'B58', 1, 8),
(759, 'B59', 1, 8),
(760, 'B60', 1, 8),
(761, 'B61', 1, 8),
(762, 'B62', 1, 8),
(763, 'B63', 1, 8),
(764, 'B64', 1, 8),
(765, 'B65', 1, 8),
(766, 'B66', 1, 8),
(767, 'B67', 1, 8),
(768, 'B68', 1, 8),
(769, 'B69', 1, 8),
(770, 'B70', 1, 8),
(771, 'B71', 1, 8),
(772, 'B72', 1, 8),
(773, 'B73', 1, 8),
(774, 'B74', 1, 8),
(775, 'B75', 1, 8),
(776, 'B76', 1, 8),
(777, 'B77', 1, 8),
(778, 'B78', 1, 8),
(779, 'B79', 1, 8),
(780, 'B80', 1, 8),
(781, 'B81', 1, 8),
(782, 'B82', 1, 8),
(783, 'B83', 1, 8),
(784, 'B84', 1, 8),
(785, 'B85', 1, 8),
(786, 'B86', 1, 8),
(787, 'B87', 1, 8),
(788, 'B88', 1, 8),
(789, 'B89', 1, 8),
(790, 'B90', 1, 8),
(791, 'B91', 1, 8),
(792, 'B92', 1, 8),
(793, 'B93', 1, 8),
(794, 'B94', 1, 8),
(795, 'B95', 0, 8),
(796, 'B96', 1, 8),
(797, 'B97', 1, 8),
(798, 'B98', 1, 8),
(799, 'B99', 1, 8),
(800, 'B100', 1, 8),
(801, 'A1', 1, 9),
(802, 'A2', 1, 9),
(803, 'A3', 1, 9),
(804, 'A4', 1, 9),
(805, 'A5', 1, 9),
(806, 'A6', 1, 9),
(807, 'A7', 1, 9),
(808, 'A8', 1, 9),
(809, 'A9', 1, 9),
(810, 'A10', 1, 9),
(811, 'A11', 1, 9),
(812, 'A12', 1, 9),
(813, 'A13', 1, 9),
(814, 'A14', 1, 9),
(815, 'A15', 1, 9),
(816, 'A16', 1, 9),
(817, 'A17', 1, 9),
(818, 'A18', 1, 9),
(819, 'A19', 1, 9),
(820, 'A20', 1, 9),
(821, 'A21', 1, 9),
(822, 'A22', 1, 9),
(823, 'A23', 1, 9),
(824, 'A24', 1, 9),
(825, 'A25', 1, 9),
(826, 'A26', 1, 9),
(827, 'A27', 1, 9),
(828, 'A28', 1, 9),
(829, 'A29', 1, 9),
(830, 'A30', 1, 9),
(831, 'A31', 1, 9),
(832, 'A32', 1, 9),
(833, 'A33', 1, 9),
(834, 'A34', 1, 9),
(835, 'A35', 1, 9),
(836, 'A36', 1, 9),
(837, 'A37', 1, 9),
(838, 'A38', 1, 9),
(839, 'A39', 1, 9),
(840, 'A40', 1, 9),
(841, 'A41', 1, 9),
(842, 'A42', 1, 9),
(843, 'A43', 1, 9),
(844, 'A44', 1, 9),
(845, 'A45', 1, 9),
(846, 'A46', 1, 9),
(847, 'A47', 1, 9),
(848, 'A48', 1, 9),
(849, 'A49', 1, 9),
(850, 'A50', 1, 9),
(851, 'A51', 0, 9),
(852, 'A52', 1, 9),
(853, 'A53', 1, 9),
(854, 'A54', 1, 9),
(855, 'A55', 1, 9),
(856, 'A56', 1, 9),
(857, 'A57', 1, 9),
(858, 'A58', 1, 9),
(859, 'A59', 1, 9),
(860, 'A60', 1, 9),
(861, 'A61', 1, 9),
(862, 'A62', 1, 9),
(863, 'A63', 1, 9),
(864, 'A64', 1, 9),
(865, 'A65', 1, 9),
(866, 'A66', 1, 9),
(867, 'A67', 1, 9),
(868, 'A68', 1, 9),
(869, 'A69', 1, 9),
(870, 'A70', 1, 9),
(871, 'A71', 1, 9),
(872, 'A72', 1, 9),
(873, 'A73', 1, 9),
(874, 'A74', 1, 9),
(875, 'A75', 1, 9),
(876, 'A76', 1, 9),
(877, 'A77', 1, 9),
(878, 'A78', 1, 9),
(879, 'A79', 1, 9),
(880, 'A80', 1, 9),
(881, 'A81', 1, 9),
(882, 'A82', 1, 9),
(883, 'A83', 1, 9),
(884, 'A84', 1, 9),
(885, 'A85', 1, 9),
(886, 'A86', 1, 9),
(887, 'A87', 1, 9),
(888, 'A88', 1, 9),
(889, 'A89', 1, 9),
(890, 'A90', 1, 9),
(891, 'A91', 1, 9),
(892, 'A92', 1, 9),
(893, 'A93', 1, 9),
(894, 'A94', 1, 9),
(895, 'A95', 1, 9),
(896, 'A96', 1, 9),
(897, 'A97', 1, 9),
(898, 'A98', 1, 9),
(899, 'A99', 1, 9),
(900, 'A100', 1, 9);

-- --------------------------------------------------------

--
-- Structure de la table `horaires`
--

DROP TABLE IF EXISTS `horaires`;
CREATE TABLE IF NOT EXISTS `horaires` (
  `HorID` int(8) NOT NULL AUTO_INCREMENT,
  `HorDate` date DEFAULT NULL,
  `HorHeure` varchar(20) DEFAULT NULL,
  `HorSpeID` int(8) DEFAULT NULL,
  PRIMARY KEY (`HorID`),
  KEY `FK_spe` (`HorSpeID`)
) ENGINE=InnoDB AUTO_INCREMENT=5 DEFAULT CHARSET=latin1;

--
-- Déchargement des données de la table `horaires`
--

INSERT INTO `horaires` (`HorID`, `HorDate`, `HorHeure`, `HorSpeID`) VALUES
(1, '2014-11-20', '20:00', 1),
(2, '2014-11-21', '20:00', 1),
(3, '2014-09-05', '20:30', 3),
(4, '2014-10-06', '21;00', 4);

-- --------------------------------------------------------

--
-- Structure de la table `salles`
--

DROP TABLE IF EXISTS `salles`;
CREATE TABLE IF NOT EXISTS `salles` (
  `salID` int(8) NOT NULL AUTO_INCREMENT,
  `salNom` varchar(30) NOT NULL,
  `salAdresse` varchar(30) NOT NULL,
  `SalCapacite` int(8) NOT NULL,
  PRIMARY KEY (`salID`)
) ENGINE=InnoDB AUTO_INCREMENT=5 DEFAULT CHARSET=latin1;

--
-- Déchargement des données de la table `salles`
--

INSERT INTO `salles` (`salID`, `salNom`, `salAdresse`, `SalCapacite`) VALUES
(1, 'Forest National', 'Bruxelles', 8400),
(2, 'Palais 12', 'Bruxelles', 15000),
(3, 'Stade roi Baudouin', 'Bruxelles', 50000),
(4, 'Aula Magna', 'LLN', 1100);

-- --------------------------------------------------------

--
-- Structure de la table `spectacles`
--

DROP TABLE IF EXISTS `spectacles`;
CREATE TABLE IF NOT EXISTS `spectacles` (
  `SpeID` int(8) NOT NULL AUTO_INCREMENT,
  `SpeTitre` varchar(20) DEFAULT NULL,
  `SpeDuree` varchar(20) DEFAULT NULL,
  `SpeSalID` int(8) DEFAULT NULL,
  `SpeArtID` int(8) DEFAULT NULL,
  PRIMARY KEY (`SpeID`),
  KEY `FK_sal` (`SpeSalID`),
  KEY `FK_Art` (`SpeArtID`)
) ENGINE=InnoDB AUTO_INCREMENT=6 DEFAULT CHARSET=latin1;

--
-- Déchargement des données de la table `spectacles`
--

INSERT INTO `spectacles` (`SpeID`, `SpeTitre`, `SpeDuree`, `SpeSalID`, `SpeArtID`) VALUES
(1, 'Sans tambour', '02:30', 1, 1),
(2, 'Papa est en haut', '02:00', 1, 1),
(3, 'tournée 2013-2014', '03:00', 2, 2),
(4, 'j\'aimerais trop', '02:15', 4, 3),
(5, 'Bruel chante Barbara', '20', 1, 2);

-- --------------------------------------------------------

--
-- Structure de la table `typeplaces`
--

DROP TABLE IF EXISTS `typeplaces`;
CREATE TABLE IF NOT EXISTS `typeplaces` (
  `typID` int(8) NOT NULL AUTO_INCREMENT,
  `typCategorie` varchar(5) DEFAULT NULL,
  `typPrix` varchar(20) DEFAULT NULL,
  `typHorID` int(8) DEFAULT NULL,
  PRIMARY KEY (`typID`),
  KEY `FK_Hor` (`typHorID`)
) ENGINE=InnoDB AUTO_INCREMENT=10 DEFAULT CHARSET=latin1;

--
-- Déchargement des données de la table `typeplaces`
--

INSERT INTO `typeplaces` (`typID`, `typCategorie`, `typPrix`, `typHorID`) VALUES
(1, 'A', '50', 1),
(2, 'B', '40', 1),
(3, 'C', '30', 1),
(4, 'A', '50', 2),
(5, 'B', '40', 2),
(6, 'C', '30', 2),
(7, 'A', '75', 3),
(8, 'B', '60', 3),
(9, 'A', '20', 4);

--
-- Contraintes pour les tables déchargées
--

--
-- Contraintes pour la table `billets`
--
ALTER TABLE `billets`
  ADD CONSTRAINT `FK_typ` FOREIGN KEY (`BilTypID`) REFERENCES `typeplaces` (`typID`);

--
-- Contraintes pour la table `horaires`
--
ALTER TABLE `horaires`
  ADD CONSTRAINT `FK_spe` FOREIGN KEY (`HorSpeID`) REFERENCES `spectacles` (`SpeID`);

--
-- Contraintes pour la table `spectacles`
--
ALTER TABLE `spectacles`
  ADD CONSTRAINT `FK_Art` FOREIGN KEY (`SpeArtID`) REFERENCES `artistes` (`ArtID`),
  ADD CONSTRAINT `FK_sal` FOREIGN KEY (`SpeSalID`) REFERENCES `salles` (`salID`);

--
-- Contraintes pour la table `typeplaces`
--
ALTER TABLE `typeplaces`
  ADD CONSTRAINT `FK_Hor` FOREIGN KEY (`typHorID`) REFERENCES `horaires` (`HorID`);
COMMIT;

/*!40101 SET CHARACTER_SET_CLIENT=@OLD_CHARACTER_SET_CLIENT */;
/*!40101 SET CHARACTER_SET_RESULTS=@OLD_CHARACTER_SET_RESULTS */;
/*!40101 SET COLLATION_CONNECTION=@OLD_COLLATION_CONNECTION */;
